{
    "answers": {
      "phase": "deployment",
      "action": "dev-ops",
      "scope": "deployment scripts",
      "action experience": 4,
      "language": "js-node",
      "other language": "n/a",
      "aimodel": "chatgpt",
      "aimodel version": "o3-mini-high",
      "open source aimodel": "None",
      "tool option": "online free",
      "experience with tool": 4,
      "time allocated (h)": "0.5",
      "time saved estimate (h)": "0.5",
      "quality of ai help": 4,
      "knowledge acquired": 4,
      "generic feeling - now": 4,
      "generic feeling - future": 5,
      "threat level": 1,
      "notes": "Using nodemon/pm2 improves the workflow by automating server restarts and process management, leading to a smoother deployment process."
    }
  }
  