{
    "answers": {
      "phase": "deployment",
      "action": "code management",
      "scope": "github operations",
      "action experience": 3,
      "language": "n/a",
      "other language": "n/a",
      "aimodel": "chatgpt",
      "aimodel version": "o3-mini-high",
      "open source aimodel": "None",
      "tool option": "online free",
      "experience with tool": 4,
      "time allocated (h)": "0.5",
      "time saved estimate (h)": "0",
      "quality of ai help": 4,
      "knowledge acquired": 3,
      "generic feeling - now": 3,
      "generic feeling - future": 4,
      "threat level": 3,
      "notes": "Cloning a private repository requires proper authentication (SSH or HTTPS with a token) and careful credential configuration."
    }
  }
  