{
    "answers": {
      "phase": "testing",
      "action": "performance testing",
      "scope": "backend",
      "action experience": 4,
      "language": "js-node",
      "other language": "n/a",
      "aimodel": "chatgpt",
      "aimodel version": "o3-mini-high",
      "open source aimodel": "None",
      "tool option": "online full",
      "experience with tool": 4,
      "time allocated (h)": "2",
      "time saved estimate (h)": "1",
      "quality of ai help": 4,
      "knowledge acquired": 4,
      "generic feeling - now": 4,
      "generic feeling - future": 5,
      "threat level": 1,
      "notes": "Performance testing was conducted using load testing tools to simulate high-demand scenarios. Key metrics such as response time, throughput, error rates, and resource utilization were monitored to confirm that the backend meets performance targets."
    }
  }
  