{
    "answers": {
      "phase": "coding",
      "action": "source code authoring",
      "scope": "backend",
      "action experience": 4,
      "language": "js-node",
      "other language": "python",
      "aimodel": "chatgpt",
      "aimodel version": "o3-mini-high",
      "open source aimodel": "None",
      "tool option": "online free",
      "experience with tool": 4,
      "time allocated (h)": "0.5",
      "time saved estimate (h)": "0",
      "quality of ai help": 4,
      "knowledge acquired": 4,
      "generic feeling - now": 3,
      "generic feeling - future": 4,
      "threat level": 1,
      "notes": "Fixed login/logout to initialize admin status and removed .promise() usage; estimated implementation time: 30 minutes, Might need to flush cache if problem persists, file overshadowing."
    }
  }
  