{
  "answers": {
    "phase": "testing",
    "action": "integration testing",
    "scope": "github operations",
    "action experience": 4,
    "language": "js-node",
    "other language": "n/a",
    "aimodel": "chatgpt",
    "aimodel version": "o3-mini-high",
    "open source aimodel": "None",
    "tool option": "online full",
    "experience with tool": 4,
    "time allocated (h)": "2",
    "time saved estimate (h)": "1",
    "quality of ai help": 4,
    "knowledge acquired": 4,
    "generic feeling - now": 4,
    "generic feeling - future": 5,
    "threat level": 1,
    "notes": "Regression testing is integrated with our CI pipeline to catch any breaks in CLI functionality when backend updates occur."
  }
}
