{
    "answers": {
      "phase": "architecture",
      "action": "architectural decision",
      "scope": "uml component",
      "action experience": 4,
      "language": "other",
      "other language": "mysql, node-js",
      "aimodel": "chatgpt",
      "aimodel version": "chatGPT o3-mini-high",
      "open source aimodel": "None",
      "tool option": "online full",
      "experience with tool": 4,
      "time allocated (h)": "1",
      "time saved estimate (h)": "0.5",
      "quality of ai help": 4,
      "knowledge acquired": 3,
      "generic feeling - now": 4,
      "generic feeling - future": 5,
      "threat level": 4,
      "notes": "The UML component diagram clearly illustrates our backend’s direct reliance on a callback-based MySQL connection pool, enabling immediate error handling and robust fault tolerance under high-demand conditions. This architectural decision simplifies interactions with the CLI and reduces the risk of cascading failures."
    }
  }
  