{
  "answers": {
    "phase": "testing",
    "action": "performance testing",
    "scope": "api",
    "action experience": 4,
    "language": "js-node",
    "other language": "n/a",
    "aimodel": "chatgpt",
    "aimodel version": "o3-mini-high",
    "open source aimodel": "None",
    "tool option": "online full",
    "experience with tool": 4,
    "time allocated (h)": "3",
    "time saved estimate (h)": "1",
    "quality of ai help": 4,
    "knowledge acquired": 4,
    "generic feeling - now": 4,
    "generic feeling - future": 5,
    "threat level": 1,
    "notes": "Automated load testing with JMeter/Artillery enabled us to monitor response times, throughput, and error rates."
  }
}
