{
    "answers": {
      "phase": "deployment",
      "action": "functional requirements",
      "scope": "frontend",
      "action experience": 3,
      "language": "python",
      "other language": "n/a",
      "aimodel": "chatgpt",
      "aimodel version": "o3-mini-high",
      "open source aimodel": "None",
      "tool option": "online full",
      "experience with tool": 4,
      "time allocated (h)": "3",
      "time saved estimate (h)": "1",
      "quality of ai help": 4,
      "knowledge acquired": 3,
      "generic feeling - now": 4,
      "generic feeling - future": 5,
      "threat level": 1,
      "notes": "The CLI effectively fulfills all functional requirements as a front end. It enables comprehensive interaction with the REST API for toll data management and administration. Although it meets the exercise criteria, further integration testing and UI refinements would be recommended for production readiness."
    }
  }
  