{
    "answers": {
        "phase": "design",
        "action": "design decision",
        "scope": "uml other",
        "action experience": 2,
        "language": "other",
        "other language": "uml",
        "aimodel": "chatgpt",
        "aimodel version": "4o",
        "open source aimodel": "<fill in>",
        "tool option": "online free",
        "experience with tool": 4,
        "time allocated (h)": "1",
        "time saved estimate (h)": "2", 
        "quality of ai help": 4,
        "knowledge acquired": 4,
        "generic feeling - now": 4,
        "generic feeling - future": 4,
        "threat level": 4,
        "notes": "<fill in>"
    }
}