{
    "answers": {
        "phase": "coding",
        "action":  "dev-ops",
        "scope": "backend",
        "action experience": 3,
        "language": "js-node",
        "other language": "<fill in>",
        "aimodel": "chatgpt",
        "aimodel version": "chatgpt 4o",
        "open source aimodel": "<fill in>",
        "tool option": "online free",
        "experience with tool": 4,
        "time allocated (h)": "2",
        "time saved estimate (h)": "6", 
        "quality of ai help": 4,
        "knowledge acquired": 4,
        "generic feeling - now": 3,
        "generic feeling - future": 4,
        "threat level": 4,
        "notes": "<fill in>"
    }
}