{
    "answers": {
        "phase": "coding",
        "action": "dev-ops",
        "scope":  "backend",
        "action experience": 2,
        "language": "js-node",
        "other language": "<fill in>",
        "aimodel": "open source",
        "aimodel version": "deepseekR1",
        "open source aimodel": "deepseel",
        "tool option": "online free",
        "experience with tool": 4,
        "time allocated (h)": "0.2",
        "time saved estimate (h)": "1", 
        "quality of ai help": 5,
        "knowledge acquired": 4,
        "generic feeling - now": 3,
        "generic feeling - future": 4,
        "threat level": 4,
        "notes": "<fill in>"
    }
}