{
    "answers": {
      "phase": "testing",
      "action": "integration testing",
      "scope": "api",
      "action experience": 4,
      "language": "js-node",
      "other language": "python",
      "aimodel": "chatgpt",
      "aimodel version": "o3-mini-high",
      "open source aimodel": "None",
      "tool option": "online free",
      "experience with tool": 4,
      "time allocated (h)": "5",
      "time saved estimate (h)": "2",
      "quality of ai help": 4,
      "knowledge acquired": 4,
      "generic feeling - now": 4,
      "generic feeling - future": 5,
      "threat level": 2,
      "notes": "Integration between the front end, CLI, and backend appears robust, but further end-to-end testing is recommended to catch any edge cases."
    }
  }
  