{
    "answers": {
      "phase": "design",
      "action": "design decision",
      "scope": "uml activity",
      "action experience": 4,
      "language": "js-node",
      "other language": "n/a",
      "aimodel": "chatgpt",
      "aimodel version": "o3-mini-high",
      "open source aimodel": "None",
      "tool option": "online free",
      "experience with tool": 4,
      "time allocated (h)": "1",
      "time saved estimate (h)": "0.5",
      "quality of ai help": 4,
      "knowledge acquired": 4,
      "generic feeling - now": 4,
      "generic feeling - future": 5,
      "threat level": 1,
      "notes": "Design decisions for user authentication and data retrieval were made to ensure robust error handling using a callback-based MySQL pool, and these workflows are clearly depicted in our UML activity diagrams."
    }
  }
  