{
  "answers": {
    "phase": "design",
    "action": "functional requirements",
    "scope": "api",
    "action experience": 4,
    "language": "js-node",
    "other language": "n/a",
    "aimodel": "chatgpt",
    "aimodel version": "o3-mini-high",
    "open source aimodel": "None",
    "tool option": "online full",
    "experience with tool": 4,
    "time allocated (h)": "1.5",
    "time saved estimate (h)": "0.5",
    "quality of ai help": 4,
    "knowledge acquired": 4,
    "generic feeling - now": 4,
    "generic feeling - future": 5,
    "threat level": 1,
    "notes": "The REST API design was driven by security and performance requirements, with robust authentication, HTTPS, and parameterized queries to ensure efficiency and data integrity."
  }
}
