{
    "answers": {
        "phase": "coding",
        "action": "dev-ops",
        "scope": "backend",
        "action experience": 3,
        "language":"js-node",
        "other language": "<fill in>",
        "aimodel": "chatgpt",
        "aimodel version": "chatgpt4o",
        "open source aimodel": "<fill in>",
        "tool option": "online free",
        "experience with tool":4,
        "time allocated (h)": "0.1",
        "time saved estimate (h)": "0.15", 
        "quality of ai help": 4,
        "knowledge acquired": 3,
        "generic feeling - now": 3, 
        "generic feeling - future": 4,
        "threat level": 3,
        "notes": "<fill in>"
    }
}