{
  "answers": {
    "phase": "testing",
    "action": "unit testing",
    "scope": "api",
    "action experience": 4,
    "language": "js-node",
    "other language": "n/a",
    "aimodel": "chatgpt",
    "aimodel version": "o3-mini-high",
    "open source aimodel": "None",
    "tool option": "online full",
    "experience with tool": 4,
    "time allocated (h)": "2",
    "time saved estimate (h)": "1",
    "quality of ai help": 4,
    "knowledge acquired": 3,
    "generic feeling - now": 4,
    "generic feeling - future": 5,
    "threat level": 1,
    "notes": "Unit tests using Mocha/Chai with mocks ensure comprehensive and fast testing of individual backend functions."
  }
}
