{
    "answers": {
        "phase": "architecture",
        "action": "architectural decision", 
        "scope": "api", 
        "action experience": 4,
        "language": "n/a",
        "other language": "<fill in>",
        "aimodel": "open source",
        "aimodel version": "Claude 3,5 Sonnet",
        "open source aimodel": "Claude",
        "tool option": "online free",
        "experience with tool": 4,
        "time allocated (h)": "0.1",
        "time saved estimate (h)": "0.15", 
        "quality of ai help": 3,
        "knowledge acquired": 3,
        "generic feeling - now": 3, 
        "generic feeling - future": 3,
        "threat level": 2, 
        "notes": "<fill in>"
    }
}