{
    "answers": {
      "phase": "requirements specification",
      "action": "architectural decision",
      "scope": "uml component",
      "action experience": 4,
      "language": "js-node",
      "other language": "n/a",
      "aimodel": "chatgpt",
      "aimodel version": "o3-mini-high",
      "open source aimodel": "None",
      "tool option": "online full",
      "experience with tool": 4,
      "time allocated (h)": "15",
      "time saved estimate (h)": "3",
      "quality of ai help": 4,
      "knowledge acquired": 4,
      "generic feeling - now": 5,
      "generic feeling - future": 5,
      "threat level": 1,
      "notes": "The SRS document comprehensively specifies requirements, details the system architecture and design (with UML component diagrams illustrating how the REST API, CLI, and frontend interact with the MySQL database), and outlines integration and deployment considerations."
    }
  }
  