{
    "answers": {
      "phase": "coding",
      "action": "architectural decision",
      "scope": "backend",
      "action experience": 4,
      "language": "js-node",
      "other language": "n/a",
      "aimodel": "chatgpt",
      "aimodel version": "o3-mini-high",
      "open source aimodel": "None",
      "tool option": "online full",
      "experience with tool": 4,
      "time allocated (h)": "1",
      "time saved estimate (h)": "0.5",
      "quality of ai help": 4,
      "knowledge acquired": 4,
      "generic feeling - now": 4,
      "generic feeling - future": 5,
      "threat level": 1,
      "notes": "Implemented robust error handling in the backend using a callback-based MySQL connection pool. This approach enables immediate error propagation and resource cleanup, simplifying debugging and ensuring fault tolerance under high load, in contrast to a promise-based approach."
    }
  }
  