{
    "answers": {
        "phase": "design",
        "action": "dev-ops",
        "scope": "frontend",
        "action experience": 3,
        "language": "other",
        "other language": "html",
        "aimodel": "chatgpt",
        "aimodel version": "4o",
        "open source aimodel": "<fill in>",
        "tool option": "online free",
        "experience with tool": 4,
        "time allocated (h)": "1",
        "time saved estimate (h)": "3", 
        "quality of ai help": 4,
        "knowledge acquired": 4,
        "generic feeling - now": 3,
        "generic feeling - future": 3,
        "threat level": 4,
        "notes": "<fill in>"
    }
}