{
    "answers": {
        "phase": "design",
        "action": "problem understanding",
        "scope": "uml other",
        "action experience": 4,
        "language": "n/a",
        "other language": "<fill in>",
        "aimodel": "open source",
        "aimodel version": "deepseekV3",
        "open source aimodel": "deepseek",
        "tool option": "online free",
        "experience with tool": 4,
        "time allocated (h)": "0.15",
        "time saved estimate (h)": "0.5", 
        "quality of ai help": 4,
        "knowledge acquired": 3,
        "generic feeling - now": 4,
        "generic feeling - future": 4,
        "threat level": 3,
        "notes": "<fill in>"
    }
}