{
    "answers": {
        "phase": ["requirements specification"],
        "action": ["problem understanding"],
        "scope": ["uml state"],
        "action experience": [3],
        "language": ["n/a"],
        "other language": "<fill in>",
        "aimodel": ["chatgpt"],
        "aimodel version": "4o-mini",
        "open source aimodel": "<fill in>",
        "tool option": ["online free"],
        "experience with tool": [4],
        "time allocated (h)": "<1h>",
        "time saved estimate (h)": "<3h>", 
        "quality of ai help": [4],
        "knowledge acquired": [4],
        "generic feeling - now": [3],
        "generic feeling - future": [4],
        "threat level": [1],
        "notes": "<fill in>"
    }
}