{
    "answers": {
      "phase": "deployment",
      "action": "dev-ops",
      "scope": "deployment scripts",
      "action experience": 4,
      "language": "js-node",
      "other language": "python",
      "aimodel": "chatgpt",
      "aimodel version": "o3-mini-high",
      "open source aimodel": "None",
      "tool option": "online full",
      "experience with tool": 4,
      "time allocated (h)": "3",
      "time saved estimate (h)": "1",
      "quality of ai help": 4,
      "knowledge acquired": 4,
      "generic feeling - now": 3,
      "generic feeling - future": 4,
      "threat level": 1,
      "notes": "Implemented production-level improvements such as CI/CD pipelines, enhanced security, scalability measures, and centralized monitoring through robust deployment scripts, making the system fully functional and ready for a toll company's operational demands."
    }
  }
  