{
    "answers": {
        "phase":  "coding",
        "action": "dev-ops",
        "scope": "frontend",
        "action experience": 4,
        "language": "js",
        "other language": "<fill in>",
        "aimodel": "open source",
        "aimodel version": "deepseek R1",
        "open source aimodel": "deepseek",
        "tool option": "online free",
        "experience with tool": 4,
        "time allocated (h)": "0.3",
        "time saved estimate (h)": "1", 
        "quality of ai help": 5,
        "knowledge acquired": 4,
        "generic feeling - now": 3,
        "generic feeling - future": 4,
        "threat level": 4,
        "notes": "<fill in>"
    }
}