{
    "answers": {
        "phase": "coding",
        "action": "code management",
        "scope": "github operations",
        "action experience": 3,
        "language": "other",
        "other language": "git",
        "aimodel": "chatgpt",
        "aimodel version": "4o",
        "open source aimodel": "<fill in>",
        "tool option": "online free",
        "experience with tool": 4,
        "time allocated (h)": "1",
        "time saved estimate (h)": "2", 
        "quality of ai help": 4,
        "knowledge acquired": 4,
        "generic feeling - now": 3,
        "generic feeling - future": 4,
        "threat level": 3,
        "notes": "<fill in>"
    }
}