{
  "answers": {
    "phase": "design",
    "action": "use case specification",
    "scope": "uml activity",
    "action experience": 4,
    "language": "js-node",
    "other language": "n/a",
    "aimodel": "chatgpt",
    "aimodel version": "o3-mini-high",
    "open source aimodel": "None",
    "tool option": "online full",
    "experience with tool": 4,
    "time allocated (h)": "1.5",
    "time saved estimate (h)": "0.5",
    "quality of ai help": 4,
    "knowledge acquired": 4,
    "generic feeling - now": 4,
    "generic feeling - future": 5,
    "threat level": 1,
    "notes": "UML activity diagrams clarified the authentication and data retrieval flows, leading to the adoption of token-based authentication and secure query mechanisms."
  }
}
