{
    "answers": {
      "phase": "architecture",
      "action": "architectural decision",
      "scope": "backend",
      "action experience": 4,
      "language": "js-node",
      "other language": "n/a",
      "aimodel": "chatgpt",
      "aimodel version": "o3-mini-high",
      "open source aimodel": "None",
      "tool option": "online full",
      "experience with tool": 4,
      "time allocated (h)": "2",
      "time saved estimate (h)": "1",
      "quality of ai help": 4,
      "knowledge acquired": 4,
      "generic feeling - now": 4,
      "generic feeling - future": 5,
      "threat level": 1,
      "notes": "We would extend the system using a modular, microservices architecture with API gateways and independent service scaling, ensuring backward compatibility and minimal disruption."
    }
  }
  