{
    "answers": {
        "phase": "coding",
        "action": "dev-ops",
        "scope": "data management",
        "action experience": 4, 
        "language": "sql",
        "other language": "<fill in>",
        "aimodel": "open source",
        "aimodel version": "Claude 3.5 Sonnet",
        "open source aimodel": "Claude",
        "tool option": "online free",
        "experience with tool": 4,
        "time allocated (h)": "0.2",
        "time saved estimate (h)": "0.75", 
        "quality of ai help": 3,
        "knowledge acquired": 4,
        "generic feeling - now": 4,
        "generic feeling - future": 4,
        "threat level": 4,
        "notes": "The AI model gave me a response that did not work for mysql"
    }
}