{
    "answers": {
      "phase": "design",
      "action": "data design",
      "scope": "data management",
      "action experience": 4,
      "language": "sql",
      "other language": "n/a",
      "aimodel": "chatgpt",
      "aimodel version": "o3-mini-high",
      "open source aimodel": "None",
      "tool option": "online full",
      "experience with tool": 4,
      "time allocated (h)": "2",
      "time saved estimate (h)": "0.5",
      "quality of ai help": 4,
      "knowledge acquired": 4,
      "generic feeling - now": 4,
      "generic feeling - future": 5,
      "threat level": 1,
      "notes": "The UML class diagram enabled us to accurately model toll stations and pass events, resolving challenges related to normalization and relationship mapping."
    }
  }
  