{
    "answers": {
        "phase": "coding",
        "action": "dev-ops",
        "scope": "backend",
        "action experience": 4, 
        "language": "sql",
        "other language": "<fill in>",
        "aimodel": "chatgpt",
        "aimodel version": "chatgpt4o",
        "open source aimodel": "<fill in>",
        "tool option": "online free",
        "experience with tool": 4,
        "time allocated (h)": "0.5",
        "time saved estimate (h)": "2", 
        "quality of ai help": 4,
        "knowledge acquired": 4,
        "generic feeling - now": 3,
        "generic feeling - future": 3, 
        "threat level": 4,
        "notes": "<fill in>"
    }
}