{
    "answers": {
      "phase": "coding",
      "action": "design decision",
      "scope": "backend",
      "action experience": 4,
      "language": "js-node",
      "other language": "n/a",
      "aimodel": "chatgpt",
      "aimodel version": "o3-mini-high",
      "open source aimodel": "None",
      "tool option": "online full",
      "experience with tool": 4,
      "time allocated (h)": "1",
      "time saved estimate (h)": "0.5",
      "quality of ai help": 4,
      "knowledge acquired": 4,
      "generic feeling - now": 4,
      "generic feeling - future": 5,
      "threat level": 1,
      "notes": "We implemented multi-level input validation (both client- and server-side) and used parameterized SQL queries with robust callback-based error handling to ensure accurate and efficient data retrieval."
    }
  }
  