{
    "answers": {
      "phase": "design",
      "action": "design decision",
      "scope": "backend",
      "action experience": 4,
      "language": "js-node",
      "other language": "n/a",
      "aimodel": "chatgpt",
      "aimodel version": "o3-mini-high",
      "open source aimodel": "None",
      "tool option": "online full",
      "experience with tool": 4,
      "time allocated (h)": "2",
      "time saved estimate (h)": "1",
      "quality of ai help": 4,
      "knowledge acquired": 4,
      "generic feeling - now": 4,
      "generic feeling - future": 5,
      "threat level": 3,
      "notes": "Implemented robust error handling using parameterized queries, ACID transactions, and callback-based connection pool isolation to prevent race conditions and maintain data integrity under concurrent API calls."
    }
  }
  