{
    "answers": {
        "phase": "coding",
        "action":"code management",
        "scope": "backend",
        "action experience": 2,
        "language":"js-node",
        "other language": "<fill in>",
        "aimodel": "open source",
        "aimodel version": "Claude 3,5 Sonnet",
        "open source aimodel": "Claude",
        "tool option": "online free",
        "experience with tool": 4,
        "time allocated (h)": "0.2",
        "time saved estimate (h)": "0.5", 
        "quality of ai help": 4,
        "knowledge acquired": 4,
        "generic feeling - now":  4,
        "generic feeling - future":  4, 
        "threat level": 4,
        "notes": "<fill in>"
    }
}