{
    "answers": {
        "phase": "coding",
        "action": "architectural decision",
        "scope": "backend",
        "action experience": 5,
        "language": "js",
        "other language": "<fill in>",
        "aimodel": "chatgpt",
        "aimodel version": "chat gpt o3-mini-high",
        "open source aimodel": "<fill in>",
        "tool option": "online full",
        "experience with tool": 5,
        "time allocated (h)": "0.5",
        "time saved estimate (h)": "1.5", 
        "quality of ai help": 5,
        "knowledge acquired": 5,
        "generic feeling - now": 5,
        "generic feeling - future": 5,
        "threat level": 1,
        "notes": "<fill in>"
    }
}

